prefecture,spot_name,usage,source_site,source_url,photographer,license,credit_required,checked_date,filename,folder,page,alt_text,notes
hiroshima,Miyajima Torii Gate,hero,Unsplash,https://unsplash.com/photos/a-red-torii-gate-stands-tall-in-the-ocean-T0Vb1GUwHc4,PJH (dokae),Unsplash License,recommended,2026-06-13,hiroshima-miyajima-torii-01.jpg,images/japan/hiroshima,pages/hiroshima.html,螳ｮ蟲ｶ繝ｻ蜴ｳ蟲ｶ逾樒､ｾ縺ｮ螟ｧ魑･螻・′豬ｷ縺ｫ豬ｮ縺九・譎ｯ隕ｳ・亥ｺ・ｳｶ逵鯉ｼ・SONY ILCE-7M4縺ｧ謦ｮ蠖ｱ / published 2025-08-03
hiroshima,Itsukushima Shrine,spot,Unsplash,https://unsplash.com/photos/red-shrine-in-body-of-water-BjJP2TN8WoI,Nicki Eliza Schinow,Unsplash License,recommended,2026-06-13,hiroshima-itsukushima-shrine-02.jpg,images/japan/hiroshima,pages/hiroshima.html,豬ｷ縺ｫ蟒ｺ縺､蜴ｳ蟲ｶ逾樒､ｾ縺ｮ譛ｱ濶ｲ縺ｮ遉ｾ谿ｿ・亥ｺ・ｳｶ逵悟ｮｮ蟲ｶ・・published 2017-08-30
hiroshima,Miyajima Island,spot,Unsplash,https://unsplash.com/photos/a-large-body-of-water-with-a-red-structure-in-the-middle-of-it-B6yFujeYojI,Patrick Nguyen,Unsplash License,recommended,2026-06-13,hiroshima-miyajima-03.jpg,images/japan/hiroshima,pages/hiroshima.html,螳ｮ蟲ｶ縺ｮ魑･螻・→蟲ｶ縺ｮ蜈ｨ譎ｯ・亥ｺ・ｳｶ逵鯉ｼ・published 2024-07
hiroshima,Hiroshima Scenery,spot,Unsplash,https://unsplash.com/photos/trees-beside-brown-concrete-building-wzimcgu4n_A,Rap Dela Rea,Unsplash License,recommended,2026-06-13,hiroshima-scenery-04.jpg,images/japan/hiroshima,pages/hiroshima.html,蠎・ｳｶ縺ｮ蟒ｺ迚ｩ縺ｨ邱代・譎ｯ隕ｳ,FUJIFILM X-T10 / Hiroshima Japan / published 2019-11-26
kyoto,Fushimi Inari Tunnel,spot,Unsplash,https://unsplash.com/photos/empty-tunnel-between-red-walls-EJvGBYjrwEA,David Emrich,Unsplash License,recommended,2026-06-13,kyoto-fushimi-inari-01.jpg,images/japan/kyoto,pages/kyoto.html,莨剰ｦ狗ｨｲ闕ｷ螟ｧ遉ｾ縺ｮ譛ｱ濶ｲ縺ｮ魑･螻・ヨ繝ｳ繝阪Ν・井ｺｬ驛ｽ・・
kyoto,Fushimi Inari Gate,spot,Unsplash,https://unsplash.com/photos/shinto-gate-during-daytime-poA1y52Nav0,Jezael Melgoza,Unsplash License,recommended,2026-06-13,kyoto-fushimi-gate-02.jpg,images/japan/kyoto,pages/kyoto.html,譏ｼ髢薙・莨剰ｦ狗ｨｲ闕ｷ螟ｧ遉ｾ縺ｮ魑･螻・ｼ井ｺｬ驛ｽ・・
kyoto,Arashiyama Bamboo Forest,spot,Unsplash,https://unsplash.com/photos/bamboo-grass-shed-N4VkXy69KI4,TOMOKO UJI,Unsplash License,recommended,2026-06-13,kyoto-arashiyama-bamboo-03.jpg,images/japan/kyoto,pages/kyoto.html,蠏仙ｱｱ遶ｹ譫励・驕難ｼ井ｺｬ驛ｽ・・
tokyo,Asakusa Sensoji,hero,Unsplash,https://unsplash.com/photos/crowd-of-people-in-front-of-pagoda-temple-during-daytime-cG22tmcFAmg,Moiz K. Malik,Unsplash License,recommended,2026-06-13,tokyo-asakusa-sensoji-01.jpg,images/japan/tokyo,pages/tokyo.html,豬・拷蟇ｺ縺ｨ莠ｺ縲・ｼ域擲莠ｬ驛ｽ蜿ｰ譚ｱ蛹ｺ・・
tokyo,Asakusa Street,spot,Unsplash,https://unsplash.com/photos/people-walking-on-street-near-brown-and-red-building-during-daytime-l81GuxMKOHw,Nicholas Doherty,Unsplash License,recommended,2026-06-13,tokyo-asakusa-street-02.jpg,images/japan/tokyo,pages/tokyo.html,豬・拷縺ｮ莉ｲ隕倶ｸ夜壹ｊ縺ｨ蜿よ享閠・ｼ域擲莠ｬ・・NIKON D7200 / Senso-ji / published 2020-01-27
tokyo,Shibuya Crossing Aerial,spot,Unsplash,https://unsplash.com/photos/aerial-photography-of-city-6ULy3pxuxL8,Denys Nevozhai,Unsplash License,recommended,2026-06-13,tokyo-shibuya-crossing-03.jpg,images/japan/tokyo,pages/tokyo.html,遨ｺ謦ｮ縺ｫ繧医ｋ貂玖ｰｷ繧ｹ繧ｯ繝ｩ繝ｳ繝悶Ν莠､蟾ｮ轤ｹ・域擲莠ｬ・・published 2019-11-11
tokyo,Shibuya Night,spot,Unsplash,https://unsplash.com/photos/people-gathered-outside-buildings-and-vehicles-alY6_OpdwRQ,Jezael Melgoza,Unsplash License,recommended,2026-06-13,tokyo-shibuya-night-04.jpg,images/japan/tokyo,pages/tokyo.html,螟懊・貂玖ｰｷ縺ｮ陦嶺ｸｦ縺ｿ縺ｨ莠ｺ縲・ｼ域擲莠ｬ・・
hokkaido,Biei Flower Field,hero,Unsplash,https://unsplash.com/photos/yellow-red-and-purple-flower-field-during-daytime-QdUvMdmbrRg,Ken Shono,Unsplash License,recommended,2026-06-13,hokkaido-biei-flower-field-01.jpg,images/japan/hokkaido,pages/hokkaido.html,鄒守騒縺ｮ鮟・・襍､繝ｻ邏ｫ縺ｮ繧ｫ繝ｩ繝輔Ν縺ｪ闃ｱ逡托ｼ亥圏豬ｷ驕難ｼ・Biei Hokkaido Japan / published 2021-08-23
hokkaido,Shirogane Blue Pond,spot,Unsplash,https://unsplash.com/photos/green-trees-on-snow-covered-ground-hr4fovu3dZc,KWON YOUN,Unsplash License,recommended,2026-06-13,hokkaido-shirogane-blue-pond-02.jpg,images/japan/hokkaido,pages/hokkaido.html,髮ｪ譎ｯ濶ｲ縺ｮ髱偵＞豎縺ｨ譛ｨ縲・ｼ亥圏豬ｷ驕鍋ｾ守騒繝ｻ逋ｽ驥托ｼ・Biei Hokkaido Japan / Shirogane Blue Pond area
hokkaido,Sapporo Susukino,spot,Unsplash,https://unsplash.com/photos/vehicles-on-road-WOYR9YAG9P4,KWON YOUN,Unsplash License,recommended,2026-06-13,hokkaido-sapporo-susukino-03.jpg,images/japan/hokkaido,pages/hokkaido.html,螟懊・譛ｭ蟷後☆縺吶″縺ｮ騾壹ｊ・亥圏豬ｷ驕難ｼ・Susukino Sapporo Hokkaido Japan
okinawa,Naha Kokusai Dori,hero,Unsplash,https://unsplash.com/photos/a-city-street-lined-with-palm-trees-and-shops-RHd0VtC0bLw,Romeo A.,Unsplash License,recommended,2026-06-13,okinawa-naha-kokusai-dori-01.jpg,images/japan/okinawa,pages/okinawa.html,驍｣隕・・蝗ｽ髫幃壹ｊ縺ｮ繝代・繝繝・Μ繝ｼ縺ｨ蝠・ｺ暦ｼ域ｲ也ｸ・ｼ・Kokusai-dori Naha Okinawa / published 2022-03-15
okinawa,Okinawa Sea Coast,spot,Unsplash,https://unsplash.com/photos/green-trees-near-body-of-water-during-daytime-XzGVYPD8Nk4,Sho K,Unsplash License,recommended,2026-06-13,okinawa-sea-coast-02.jpg,images/japan/okinawa,pages/okinawa.html,邱代・譛ｨ縲・→豐也ｸ・・鄒弱＠縺・ｵｷ蟯ｸ・域ｲ也ｸ・恁・・Okinawa Japan
okinawa,Okinawa Beach,spot,Unsplash,https://unsplash.com/photos/a-sandy-beach-under-a-blue-sky-with-clouds-Tkzy4US_AtE,Sei,Unsplash License,recommended,2026-06-13,okinawa-beach-03.jpg,images/japan/okinawa,pages/okinawa.html,髱堤ｩｺ縺ｮ荳九・豐也ｸ・・遐よｵ懊→豬ｷ・域ｲ也ｸ・恁・・Okinawa Japan
osaka,Dotonbori Canal,hero,Unsplash,https://unsplash.com/photos/photo-1545569341-9eb8b30979d9,Unknown,Unsplash License,recommended,2026-06-13,osaka-dotonbori-01.jpg,images/japan/osaka,templates/prefecture.html?id=osaka,道頓堀の夜景とグリコ看板（大阪）,
osaka,Kuromon Market,spot,Unsplash,https://unsplash.com/photos/photo-1590559899731-a382839e5549,Unknown,Unsplash License,recommended,2026-06-13,osaka-kuromon-02.jpg,images/japan/osaka,templates/prefecture.html?id=osaka,黒門市場の賑やかな通り（大阪）,
nara,Nara Deer Park,hero,Unsplash,https://unsplash.com/photos/photo-1528360983277-13d401cdc186,Unknown,Unsplash License,recommended,2026-06-13,nara-deer-01.jpg,images/japan/nara,templates/prefecture.html?id=nara,奈良公園の鹿と観光客（奈良県）,
hyogo,Himeji Castle,hero,Unsplash,https://unsplash.com/photos/photo-1526481280693-3bfa7568e0f3,Unknown,Unsplash License,recommended,2026-06-13,hyogo-himeji-01.jpg,images/japan/hyogo,templates/prefecture.html?id=hyogo,白鷺城・姫路城（兵庫県）,
nagano,Kamikochi Valley,hero,Unsplash,https://unsplash.com/photos/photo-1467139701929-18c0d27a7516,Unknown,Unsplash License,recommended,2026-06-13,nagano-kamikochi-01.jpg,images/japan/nagano,templates/prefecture.html?id=nagano,上高地の清流と山並み（長野県）,
fukuoka,Fukuoka City,hero,Unsplash,https://unsplash.com/photos/photo-1524413840807-0c3cb6fa808d,Unknown,Unsplash License,recommended,2026-06-13,fukuoka-city-01.jpg,images/japan/fukuoka,templates/prefecture.html?id=fukuoka,福岡の都市景観（福岡県）,
aichi,Nagoya Castle,hero,Unsplash,https://unsplash.com/photos/photo-1607604276583-eef5d076aa5f,Unknown,Unsplash License,recommended,2026-06-13,aichi-nagoya-castle-01.jpg,images/japan/aichi,templates/prefecture.html?id=aichi,名古屋城（愛知県）,
kanagawa,Kamakura Buddha,hero,Unsplash,https://unsplash.com/photos/photo-1570459027562-4a916cc6113f,Unknown,Unsplash License,recommended,2026-06-13,kanagawa-kamakura-01.jpg,images/japan/kanagawa,templates/prefecture.html?id=kanagawa,鎌倉の大仏（神奈川県）,
aomori,奥入瀬渓流,hero,Unsplash,https://images.unsplash.com/photo-1564501049412-61c2a3083791,Unknown,Unsplash License,recommended,2026-06-13,aomori-oirase-01.jpg,images/japan/aomori,templates/prefecture.html?id=aomori,奥入瀬渓流の緑豊かな渓谷（青森県）,
iwate,岩手自然景観,hero,Unsplash,https://images.unsplash.com/photo-1524413840807-0c3cb6fa808d,Unknown,Unsplash License,recommended,2026-06-13,iwate-nature-01.jpg,images/japan/iwate,templates/prefecture.html?id=iwate,岩手の自然景観,
miyagi,松島の松,hero,Unsplash,https://images.unsplash.com/photo-1578662996442-48f60103fc96,Unknown,Unsplash License,recommended,2026-06-13,miyagi-matsushima-01.jpg,images/japan/miyagi,templates/prefecture.html?id=miyagi,松島の風景（宮城県）,
akita,田沢湖,hero,Unsplash,https://images.unsplash.com/photo-1540959733332-eab4deabeeaf,Unknown,Unsplash License,recommended,2026-06-13,akita-tazawako-01.jpg,images/japan/akita,templates/prefecture.html?id=akita,田沢湖の景色（秋田県）,
yamagata,銀山温泉,hero,Unsplash,https://images.unsplash.com/photo-1579165466741-7f35e4755660,Unknown,Unsplash License,recommended,2026-06-13,yamagata-ginzan-01.jpg,images/japan/yamagata,templates/prefecture.html?id=yamagata,銀山温泉の街並み（山形県）,
fukushima,自然景観（五色沼）,hero,Unsplash,https://images.unsplash.com/photo-1506905925346-21bda4d32df4,Unknown,Unsplash License,recommended,2026-06-13,fukushima-goshikinuma-01.jpg,images/japan/fukushima,templates/prefecture.html?id=fukushima,福島の自然景観,
ibaraki,偕楽園,hero,Unsplash,https://images.unsplash.com/photo-1545569341-9eb8b30979d9,Unknown,Unsplash License,recommended,2026-06-13,ibaraki-kairakuen-01.jpg,images/japan/ibaraki,templates/prefecture.html?id=ibaraki,偕楽園の梅（茨城県）,
tochigi,日光東照宮,hero,Unsplash,https://images.unsplash.com/photo-1589308078059-be1415eab4c3,Unknown,Unsplash License,recommended,2026-06-13,tochigi-nikko-01.jpg,images/japan/tochigi,templates/prefecture.html?id=tochigi,日光東照宮（栃木県）,
gunma,草津温泉,hero,Unsplash,https://images.unsplash.com/photo-1586348943529-beaae6c28db9,Unknown,Unsplash License,recommended,2026-06-13,gunma-kusatsu-01.jpg,images/japan/gunma,templates/prefecture.html?id=gunma,草津温泉の湯畑（群馬県）,
saitama,秩父の自然,hero,Unsplash,https://images.unsplash.com/photo-1528360983277-13d401cdc186,Unknown,Unsplash License,recommended,2026-06-13,saitama-chichibu-01.jpg,images/japan/saitama,templates/prefecture.html?id=saitama,秩父の自然（埼玉県）,
chiba,千葉の海,hero,Unsplash,https://images.unsplash.com/photo-1469474968028-56623f02e42e,Unknown,Unsplash License,recommended,2026-06-13,chiba-seaside-01.jpg,images/japan/chiba,templates/prefecture.html?id=chiba,千葉の海岸景観,
niigata,新潟の景観,hero,Unsplash,https://images.unsplash.com/photo-1509316785289-025f5b846b35,Unknown,Unsplash License,recommended,2026-06-13,niigata-landscape-01.jpg,images/japan/niigata,templates/prefecture.html?id=niigata,新潟の景観,
toyama,立山連峰,hero,Unsplash,https://images.unsplash.com/photo-1513002749550-c59d786b8e6c,Unknown,Unsplash License,recommended,2026-06-13,toyama-tateyama-01.jpg,images/japan/toyama,templates/prefecture.html?id=toyama,立山連峰（富山県）,
ishikawa,金沢・兼六園,hero,Unsplash,https://images.unsplash.com/photo-1542051841857-5f90071e7989,Unknown,Unsplash License,recommended,2026-06-13,ishikawa-kanazawa-01.jpg,images/japan/ishikawa,templates/prefecture.html?id=ishikawa,金沢兼六園（石川県）,
fukui,東尋坊,hero,Unsplash,https://images.unsplash.com/photo-1507003211169-0a1dd7228f2d,Unknown,Unsplash License,recommended,2026-06-13,fukui-tojinbo-01.jpg,images/japan/fukui,templates/prefecture.html?id=fukui,東尋坊の絶壁（福井県）,
yamanashi,富士山,hero,Unsplash,https://images.unsplash.com/photo-1490806843957-31f4c9a91c65,Unknown,Unsplash License,recommended,2026-06-13,yamanashi-fuji-01.jpg,images/japan/yamanashi,templates/prefecture.html?id=yamanashi,富士山の絶景（山梨県）,
shizuoka,富士山（静岡側）,hero,Unsplash,https://images.unsplash.com/photo-1578637387939-43c525550085,Unknown,Unsplash License,recommended,2026-06-13,shizuoka-fuji-01.jpg,images/japan/shizuoka,templates/prefecture.html?id=shizuoka,静岡側の富士山,
gifu,白川郷,hero,Unsplash,https://images.unsplash.com/photo-1559592413-7cec4d0cae2b,Unknown,Unsplash License,recommended,2026-06-13,gifu-shirakawago-01.jpg,images/japan/gifu,templates/prefecture.html?id=gifu,白川郷の合掌造り（岐阜県）,
mie,伊勢神宮,hero,Unsplash,https://images.unsplash.com/photo-1589308078059-be1415eab4c3,Unknown,Unsplash License,recommended,2026-06-13,mie-ise-shrine-01.jpg,images/japan/mie,templates/prefecture.html?id=mie,伊勢神宮の参道（三重県）,
shiga,琵琶湖・彦根城,hero,Unsplash,https://images.unsplash.com/photo-1526481280693-3bfa7568e0f3,Unknown,Unsplash License,recommended,2026-06-13,shiga-biwako-01.jpg,images/japan/shiga,templates/prefecture.html?id=shiga,彦根城（滋賀県）,
wakayama,熊野古道,hero,Unsplash,https://images.unsplash.com/photo-1571019613454-1cb2f99b2d8b,Unknown,Unsplash License,recommended,2026-06-13,wakayama-kumano-01.jpg,images/japan/wakayama,templates/prefecture.html?id=wakayama,熊野古道の古道（和歌山県）,
tottori,鳥取砂丘,hero,Unsplash,https://images.unsplash.com/photo-1509316785289-025f5b846b35,Unknown,Unsplash License,recommended,2026-06-13,tottori-sanddune-01.jpg,images/japan/tottori,templates/prefecture.html?id=tottori,鳥取砂丘（鳥取県）,
shimane,出雲大社,hero,Unsplash,https://images.unsplash.com/photo-1478436127897-769e1b3f0f36,Unknown,Unsplash License,recommended,2026-06-13,shimane-izumo-01.jpg,images/japan/shimane,templates/prefecture.html?id=shimane,出雲大社（島根県）,
okayama,後楽園,hero,Unsplash,https://images.unsplash.com/photo-1540959733332-eab4deabeeaf,Unknown,Unsplash License,recommended,2026-06-13,okayama-koraku-01.jpg,images/japan/okayama,templates/prefecture.html?id=okayama,後楽園（岡山県）,
yamaguchi,角島大橋（角島の海）,hero,Unsplash,https://images.unsplash.com/photo-1578637387939-43c525550085,Unknown,Unsplash License,recommended,2026-06-13,yamaguchi-tsunoshima-01.jpg,images/japan/yamaguchi,templates/prefecture.html?id=yamaguchi,角島周辺のエメラルドの海（山口県）,
tokushima,鳴門の渦潮,hero,Unsplash,https://images.unsplash.com/photo-1469474968028-56623f02e42e,Unknown,Unsplash License,recommended,2026-06-13,tokushima-naruto-01.jpg,images/japan/tokushima,templates/prefecture.html?id=tokushima,鳴門海峡の渦潮（徳島県）,
kagawa,父母ヶ浜,hero,Unsplash,https://images.unsplash.com/photo-1513002749550-c59d786b8e6c,Unknown,Unsplash License,recommended,2026-06-13,kagawa-chichibugahama-01.jpg,images/japan/kagawa,templates/prefecture.html?id=kagawa,父母ヶ浜の水鏡（香川県）,
ehime,道後温泉,hero,Unsplash,https://images.unsplash.com/photo-1571019613454-1cb2f99b2d8b,Unknown,Unsplash License,recommended,2026-06-13,ehime-dogo-01.jpg,images/japan/ehime,templates/prefecture.html?id=ehime,道後温泉本館（愛媛県）,
kochi,桂浜,hero,Unsplash,https://images.unsplash.com/photo-1490806843957-31f4c9a91c65,Unknown,Unsplash License,recommended,2026-06-13,kochi-katsurahama-01.jpg,images/japan/kochi,templates/prefecture.html?id=kochi,桂浜の景色（高知県）,
saga,吉野ヶ里,hero,Unsplash,https://images.unsplash.com/photo-1589308078059-be1415eab4c3,Unknown,Unsplash License,recommended,2026-06-13,saga-yoshinogari-01.jpg,images/japan/saga,templates/prefecture.html?id=saga,吉野ヶ里遺跡（佐賀県）,
nagasaki,グラバー邸・長崎の夜景,hero,Unsplash,https://images.unsplash.com/photo-1564501049412-61c2a3083791,Unknown,Unsplash License,recommended,2026-06-13,nagasaki-glover-01.jpg,images/japan/nagasaki,templates/prefecture.html?id=nagasaki,長崎グラバー園（長崎県）,
kumamoto,阿蘇山,hero,Unsplash,https://images.unsplash.com/photo-1506905925346-21bda4d32df4,Unknown,Unsplash License,recommended,2026-06-13,kumamoto-aso-01.jpg,images/japan/kumamoto,templates/prefecture.html?id=kumamoto,阿蘇山の大自然（熊本県）,
miyazaki,高千穂峡,hero,Unsplash,https://images.unsplash.com/photo-1559592413-7cec4d0cae2b,Unknown,Unsplash License,recommended,2026-06-13,miyazaki-takachiho-01.jpg,images/japan/miyazaki,templates/prefecture.html?id=miyazaki,高千穂峡の渓谷（宮崎県）,
kagoshima,桜島,hero,Unsplash,https://images.unsplash.com/photo-1513002749550-c59d786b8e6c,Unknown,Unsplash License,recommended,2026-06-13,kagoshima-sakurajima-01.jpg,images/japan/kagoshima,templates/prefecture.html?id=kagoshima,桜島の全景（鹿児島県）,
ibaraki,偕楽園の梅（差替）,hero,Unsplash,https://images.unsplash.com/photo-1553484771-cc0d9b8c2b33,Unknown,Unsplash License,recommended,2026-06-14,ibaraki-kairakuen-02.jpg,images/japan/ibaraki,templates/prefecture.html?id=ibaraki,偕楽園の景色（茨城県）,重複解消のため差替
kagoshima,鹿児島の自然,hero,Unsplash,https://images.unsplash.com/photo-1473448912268-2022ce9509d8,Unknown,Unsplash License,recommended,2026-06-14,kagoshima-nature-01.jpg,images/japan/kagoshima,templates/prefecture.html?id=kagoshima,鹿児島の自然景観,重複解消のため差替
kumamoto,熊本城,hero,Unsplash,https://images.unsplash.com/photo-1526481280693-3bfa7568e0f3,Unknown,Unsplash License,recommended,2026-06-14,kumamoto-castle-01.jpg,images/japan/kumamoto,templates/prefecture.html?id=kumamoto,熊本城（熊本県）,重複解消のため差替
mie,伊勢の海岸,hero,Unsplash,https://images.unsplash.com/photo-1519085360753-af0119f7cbe7,Unknown,Unsplash License,recommended,2026-06-14,mie-ise-coast-01.jpg,images/japan/mie,templates/prefecture.html?id=mie,伊勢の海岸景観（三重県）,重複解消のため差替
miyazaki,宮崎の海岸,hero,Unsplash,https://images.unsplash.com/photo-1504214208698-ea1916a2195a,Unknown,Unsplash License,recommended,2026-06-14,miyazaki-coast-01.jpg,images/japan/miyazaki,templates/prefecture.html?id=miyazaki,宮崎の南国海岸（宮崎県）,重複解消のため差替
nagasaki,長崎港の景観,hero,Unsplash,https://images.unsplash.com/photo-1544551763-46a013bb70d5,Unknown,Unsplash License,recommended,2026-06-14,nagasaki-harbor-01.jpg,images/japan/nagasaki,templates/prefecture.html?id=nagasaki,長崎港の景観（長崎県）,重複解消のため差替
oita,大分温泉地,hero,Unsplash,https://images.unsplash.com/photo-1547414368-ac947d00b91d,Unknown,Unsplash License,recommended,2026-06-14,oita-beppu-01.jpg,images/japan/oita,templates/prefecture.html?id=oita,大分・別府温泉地（大分県）,重複解消のため差替
okayama,倉敷美観地区,hero,Unsplash,https://images.unsplash.com/photo-1563213126-a4273aed2016,Unknown,Unsplash License,recommended,2026-06-14,okayama-kurashiki-01.jpg,images/japan/okayama,templates/prefecture.html?id=okayama,倉敷美観地区（岡山県）,重複解消のため差替
saga,佐賀城,hero,Unsplash,https://images.unsplash.com/photo-1477959858617-67f85cf4f1df,Unknown,Unsplash License,recommended,2026-06-14,saga-castle-01.jpg,images/japan/saga,templates/prefecture.html?id=saga,佐賀城跡（佐賀県）,重複解消のため差替
saitama,川越の街並み,hero,Unsplash,https://images.unsplash.com/photo-1552465011-b4e21bf6e79a,Unknown,Unsplash License,recommended,2026-06-14,saitama-kawagoe-01.jpg,images/japan/saitama,templates/prefecture.html?id=saitama,川越の蔵造りの街並み（埼玉県）,重複解消のため差替
shiga,琵琶湖の景観,hero,Unsplash,https://images.unsplash.com/photo-1549692520-acc6669e2f0c,Unknown,Unsplash License,recommended,2026-06-14,shiga-lake-01.jpg,images/japan/shiga,templates/prefecture.html?id=shiga,琵琶湖の景観（滋賀県）,重複解消のため差替
tokushima,徳島の景観,hero,Unsplash,https://images.unsplash.com/photo-1493976040374-85c8e12f0c0e,Unknown,Unsplash License,recommended,2026-06-14,tokushima-awa-02.jpg,images/japan/tokushima,templates/prefecture.html?id=tokushima,徳島の風景（徳島県）,重複解消のため差替
tottori,鳥取の景観,hero,Unsplash,https://images.unsplash.com/photo-1467139701929-18c0d27a7516,Unknown,Unsplash License,recommended,2026-06-14,tottori-sanddune-02.jpg,images/japan/tottori,templates/prefecture.html?id=tottori,鳥取砂丘周辺（鳥取県）,重複解消のため差替
toyama,富山の自然,hero,Unsplash,https://images.unsplash.com/photo-1476514525535-07fb3b4ae5f1,Unknown,Unsplash License,recommended,2026-06-14,toyama-tateyama-02.jpg,images/japan/toyama,templates/prefecture.html?id=toyama,富山の山岳景観（富山県）,重複解消のため差替
wakayama,和歌山の自然,hero,Unsplash,https://images.unsplash.com/photo-1528360983277-13d401cdc186,Unknown,Unsplash License,recommended,2026-06-14,wakayama-nachi-01.jpg,images/japan/wakayama,templates/prefecture.html?id=wakayama,和歌山の自然（和歌山県）,重複解消のため差替
yamaguchi,山口の景観,hero,Unsplash,https://images.unsplash.com/photo-1486299267070-83823f5448dd,Unknown,Unsplash License,recommended,2026-06-14,yamaguchi-coast-01.jpg,images/japan/yamaguchi,templates/prefecture.html?id=yamaguchi,山口の海岸景観（山口県）,重複解消のため差替
yamanashi,河口湖・富士山,hero,Unsplash,https://images.unsplash.com/photo-1492571350019-22de08371fd3,Unknown,Unsplash License,recommended,2026-06-14,yamanashi-fuji-kawaguchi-01.jpg,images/japan/yamanashi,templates/prefecture.html?id=yamanashi,河口湖越しの富士山（山梨県）,重複解消のため差替
akita,乳頭温泉郷,spot,Unsplash,https://unsplash.com/,Unknown,Unsplash License,recommended,2026-06-14,akita-nyutou-onsen-01.jpg,images/japan/akita,,乳頭温泉郷の風景,
ehime,道後温泉本館,spot,Unsplash,https://unsplash.com/,Unknown,Unsplash License,recommended,2026-06-14,ehime-dogo-02.jpg,images/japan/ehime,,道後温泉本館,
gifu,白川郷の合掌造り,spot,Unsplash,https://unsplash.com/,Unknown,Unsplash License,recommended,2026-06-14,gifu-shirakawago-02.jpg,images/japan/gifu,,白川郷の合掌造り,
gunma,草津温泉湯畑,spot,Unsplash,https://unsplash.com/,Unknown,Unsplash License,recommended,2026-06-14,gunma-kusatsu-02.jpg,images/japan/gunma,,草津温泉湯畑,
hiroshima,広島市街,spot,Unsplash,https://unsplash.com/,Unknown,Unsplash License,recommended,2026-06-14,hiroshima-city-01.jpg,images/japan/hiroshima,,広島市街,
hiroshima,宮島の風景,spot,Unsplash,https://unsplash.com/,Unknown,Unsplash License,recommended,2026-06-14,hiroshima-miyajima-02.jpg,images/japan/hiroshima,,宮島の風景,
hiroshima,原爆ドーム,spot,Unsplash,https://unsplash.com/,Unknown,Unsplash License,recommended,2026-06-14,hiroshima-peace-memorial-01.jpg,images/japan/hiroshima,,原爆ドーム・平和記念公園,
hokkaido,登別温泉,spot,Unsplash,https://unsplash.com/,Unknown,Unsplash License,recommended,2026-06-14,hokkaido-noboribetsu-01.jpg,images/japan/hokkaido,,登別温泉の風景,
hokkaido,知床半島,spot,Unsplash,https://unsplash.com/,Unknown,Unsplash License,recommended,2026-06-14,hokkaido-shiretoko-01.jpg,images/japan/hokkaido,,知床半島の原生林,
ishikawa,兼六園,spot,Unsplash,https://unsplash.com/,Unknown,Unsplash License,recommended,2026-06-14,ishikawa-kenroku-01.jpg,images/japan/ishikawa,,兼六園の日本庭園,
iwate,平泉・中尊寺,spot,Unsplash,https://unsplash.com/,Unknown,Unsplash License,recommended,2026-06-14,iwate-hiraizumi-01.jpg,images/japan/iwate,,平泉・中尊寺の金色堂,
kagoshima,桜島,spot,Unsplash,https://unsplash.com/,Unknown,Unsplash License,recommended,2026-06-14,kagoshima-sakurajima-02.jpg,images/japan/kagoshima,,桜島の噴煙,
kanagawa,箱根,spot,Unsplash,https://unsplash.com/,Unknown,Unsplash License,recommended,2026-06-14,kanagawa-hakone-01.jpg,images/japan/kanagawa,,箱根の風景,
kumamoto,阿蘇山,spot,Unsplash,https://unsplash.com/,Unknown,Unsplash License,recommended,2026-06-14,kumamoto-aso-02.jpg,images/japan/kumamoto,,阿蘇山のカルデラ,
kyoto,嵐山,spot,Unsplash,https://unsplash.com/,Unknown,Unsplash License,recommended,2026-06-14,kyoto-arashiyama-01.jpg,images/japan/kyoto,,嵐山・渡月橋の風景,
kyoto,金閣寺,spot,Unsplash,https://unsplash.com/,Unknown,Unsplash License,recommended,2026-06-14,kyoto-kinkakuji-01.jpg,images/japan/kyoto,,金閣寺（鹿苑寺）,
miyagi,松島の島々,spot,Unsplash,https://unsplash.com/,Unknown,Unsplash License,recommended,2026-06-14,miyagi-matsushima-02.jpg,images/japan/miyagi,,松島の島々の絶景,
nagano,白馬アルプス,spot,Unsplash,https://unsplash.com/,Unknown,Unsplash License,recommended,2026-06-14,nagano-hakuba-01.jpg,images/japan/nagano,,白馬アルプスの山並み,
oita,大分県の山岳風景,spot,Unsplash,https://unsplash.com/,Unknown,Unsplash License,unused,2026-06-14,oita-aso-01.jpg,images/japan/oita,,大分県の山岳風景（阿蘇山は熊本県のため使用停止）,
okinawa,古宇利島,spot,Unsplash,https://unsplash.com/,Unknown,Unsplash License,recommended,2026-06-14,okinawa-kouri-01.jpg,images/japan/okinawa,,古宇利島の青い海,
okinawa,首里城,spot,Unsplash,https://unsplash.com/,Unknown,Unsplash License,recommended,2026-06-14,okinawa-shuri-castle-01.jpg,images/japan/okinawa,,首里城の赤い城壁,
osaka,大阪城,spot,Unsplash,https://unsplash.com/,Unknown,Unsplash License,recommended,2026-06-14,osaka-castle-01.jpg,images/japan/osaka,,大阪城の天守閣,
tochigi,日光の自然,spot,Unsplash,https://unsplash.com/,Unknown,Unsplash License,recommended,2026-06-14,tochigi-nikko-02.jpg,images/japan/tochigi,,日光の滝と紅葉,
tokyo,渋谷スクランブル交差点,spot,Unsplash,https://unsplash.com/,Unknown,Unsplash License,recommended,2026-06-14,tokyo-shibuya-01.jpg,images/japan/tokyo,,渋谷スクランブル交差点,
tokyo,渋谷の夜,spot,Unsplash,https://unsplash.com/,Unknown,Unsplash License,recommended,2026-06-14,tokyo-shibuya-02.jpg,images/japan/tokyo,,渋谷の夜景,
tokyo,新宿,spot,Unsplash,https://unsplash.com/,Unknown,Unsplash License,recommended,2026-06-14,tokyo-shinjuku-01.jpg,images/japan/tokyo,,新宿の街並み,
tokyo,上野公園,spot,Unsplash,https://unsplash.com/,Unknown,Unsplash License,recommended,2026-06-14,tokyo-ueno-01.jpg,images/japan/tokyo,,上野公園の桜,
aomori,弘前城の桜,spot,Unsplash,https://unsplash.com/photos/a-castle-with-cherry-blossoms-in-front-of-it-kN5_bLdhuAc,Caspar Wai,Unsplash License,recommended,2026-06-14,aomori-hirosaki-02.jpg,images/japan/aomori,,弘前城と桜の絶景,
nara,東大寺,spot,Unsplash,https://unsplash.com/photos/todai-ji-temple-in-nara-japan-y5yOqWItXtM,Cosmin Georgian,Unsplash License,recommended,2026-06-14,nara-todaiji-02.jpg,images/japan/nara,,東大寺の大仏殿,
yamagata,蔵王・山岳,spot,Unsplash,https://unsplash.com/photos/mountains-and-trees-iEkm59PNqxs,Sam Lee,Unsplash License,recommended,2026-06-14,yamagata-zao-02.jpg,images/japan/yamagata,,蔵王連峰と冬の木々,
shizuoka,富士山と五重塔,spot,Unsplash,https://unsplash.com/photos/pagoda-with-mount-fuji-in-the-background-DSGuCau9rVE,Mario Scheibl,Unsplash License,recommended,2026-06-14,shizuoka-fuji-pagoda-02.jpg,images/japan/shizuoka,,富士山を背景にした五重塔,
nagasaki,長崎の夜景,spot,Unsplash,https://unsplash.com/photos/cityscape-at-night-full-of-lights-and-people-5phRQSOixzU,Peter Thomas,Unsplash License,recommended,2026-06-14,nagasaki-nightview-02.jpg,images/japan/nagasaki,,長崎の夜景,
aichi,名古屋城・全景,spot,Unsplash,https://unsplash.com/photos/nagoya-castle-in-japan-stands-majestically-Wyvry_iaXIM,Hyungjun Goo,Unsplash License,recommended,2026-06-14,aichi-nagoya-02.jpg,images/japan/aichi,,名古屋城の全景,
fukuoka,太宰府天満宮,spot,Unsplash,https://unsplash.com/photos/a-traditional-japanese-shrine-nestled-amidst-lush-greenery-Kq3SaMGqy7M,Romeo A.,Unsplash License,recommended,2026-06-14,fukuoka-dazaifu-02.jpg,images/japan/fukuoka,,太宰府天満宮の境内,
hyogo,神戸ポートタワー,spot,Unsplash,https://unsplash.com/photos/kobe-port-tower-and-modern-buildings-at-dusk-bsKvQLTgwVo,PJH,Unsplash License,recommended,2026-06-14,hyogo-kobe-port-02.jpg,images/japan/hyogo,,神戸ポートタワーと夕暮れ,
ibaraki,ひたち海浜公園ネモフィラ,spot,Unsplash,https://unsplash.com/photos/rbsd6IGpD-g,Evelyn Liow,Unsplash License,recommended,2026-06-14,ibaraki-nemophila-02.jpg,images/japan/ibaraki,,ひたち海浜公園のネモフィラ,
kagawa,直島・アート,spot,Unsplash,https://unsplash.com/photos/dP9zGPDQi6w,Denis Kovalev,Unsplash License,recommended,2026-06-14,kagawa-naoshima-02.jpg,images/japan/kagawa,,直島・豊島の現代アート,
kochi,高知の清流,spot,Unsplash,https://unsplash.com/photos/a-river-running-through-a-lush-green-forest-VGrdP0lBXnM,Unknown,Unsplash License,recommended,2026-06-14,kochi-nature-02.jpg,images/japan/kochi,,仁淀川の清流と緑,
mie,熊野古道,spot,Unsplash,https://unsplash.com/photos/spxCY2mjr0g,NATSUKI TAKADA,Unsplash License,recommended,2026-06-14,mie-kumano-02.jpg,images/japan/mie,,熊野古道の参道,
wakayama,青岸渡寺と那智の滝,spot,Unsplash,https://unsplash.com/photos/red-pagoda-nestled-beside-a-misty-waterfall-in-autumn-6h6O17NjZ_I,Alex Mesmer,Unsplash License,recommended,2026-06-14,wakayama-seigantoji-02.jpg,images/japan/wakayama,,青岸渡寺と那智の滝,
miyazaki,宮崎神宮,spot,Unsplash,https://unsplash.com/photos/LNps4G2GgvE,Unknown,Unsplash License,recommended,2026-06-14,miyazaki-shrine-02.jpg,images/japan/miyazaki,,宮崎神宮の社殿,
saitama,川越・蔵造りの街,spot,Unsplash,https://unsplash.com/photos/a-quiet-street-lined-with-traditional-japanese-buildings-OjiGha2phBE,Ben George,Unsplash License,recommended,2026-06-14,saitama-kawagoe-02.jpg,images/japan/saitama,,川越の蔵造り街並み,
saga,佐賀の神社,spot,Unsplash,https://unsplash.com/photos/pagoda-temple-surrounded-by-trees-aqZ3UAjs_M4,Unknown,Unsplash License,recommended,2026-06-14,saga-shrine-02.jpg,images/japan/saga,,佐賀の神社仏閣,
shiga,彦根城,spot,Unsplash,https://unsplash.com/photos/UIkUzEWo9JY,Unknown,Unsplash License,recommended,2026-06-14,shiga-hikone-02.jpg,images/japan/shiga,,彦根城の天守,
yamaguchi,海に沈む鳥居,spot,Unsplash,https://unsplash.com/photos/torii-gate-at-sunset-over-the-ocean-KVuWe3e_wUw,N Suma,Unsplash License,recommended,2026-06-14,yamaguchi-torii-02.jpg,images/japan/yamaguchi,,海に沈む鳥居の夕日,
toyama,黒部峡谷の滝,spot,Unsplash,https://unsplash.com/photos/fDzofVRMyjU,Keisuke Kuribara,Unsplash License,recommended,2026-06-14,toyama-kurobe-02.jpg,images/japan/toyama,,黒部峡谷の滝と緑,
tokushima,徳島の橋・川,spot,Unsplash,https://unsplash.com/photos/a-red-bridge-over-a-river-in-a-small-town-LyCOPFIZVA4,Unknown,Unsplash License,recommended,2026-06-14,tokushima-bridge-02.jpg,images/japan/tokushima,,徳島の橋と川,
tottori,鳥取の海岸,spot,Unsplash,https://unsplash.com/photos/L9XRFGj9S0A,Unknown,Unsplash License,recommended,2026-06-14,tottori-coast-02.jpg,images/japan/tottori,,鳥取砂丘の海岸,
shimane,島根の神社参道,spot,Unsplash,https://unsplash.com/photos/a-path-leading-to-a-shrine-in-a-forest-lo8Ndu8FE_o,Unknown,Unsplash License,recommended,2026-06-14,shimane-shrine-02.jpg,images/japan/shimane,,島根の森の神社参道,
yamanashi,富士山・湖の夜明け,spot,Unsplash,https://unsplash.com/photos/cCw6KQVJnyU,Unknown,Unsplash License,recommended,2026-06-14,yamanashi-fuji-lake-02.jpg,images/japan/yamanashi,,富士山と河口湖の夜明け,
fukui,福井の自然,spot,Unsplash,https://unsplash.com/photos/9zH3AfW7O4o,Tom Vining,Unsplash License,recommended,2026-06-14,fukui-nature-02.jpg,images/japan/fukui,,福井の自然と滝,
fukushima,福島の渓流,spot,Unsplash,https://unsplash.com/photos/bridge-near-raging-waterfall-1onlXS5QtZg,Unknown,Unsplash License,recommended,2026-06-14,fukushima-waterfall-02.jpg,images/japan/fukushima,,福島の渓谷と滝,
chiba,鋸山からの絶景,spot,Unsplash,https://unsplash.com/photos/a-person-standing-on-top-of-a-cliff-nFGslYFPUGU,wanderplans,Unsplash License,recommended,2026-06-14,chiba-nokogiri-02.jpg,images/japan/chiba,,鋸山からの太平洋の眺め,
okayama,倉敷・川下り,spot,Unsplash,https://unsplash.com/photos/Vsfi35ANjtQ,Vicky Ng,Unsplash License,recommended,2026-06-14,okayama-kurashiki-02.jpg,images/japan/okayama,,倉敷美観地区の川下り,
hokkaido,登別地獄谷,onsen-card,Pexels,https://www.pexels.com/photo/31416883/,Unknown,Pexels License,recommended,2026-06-14,hokkaido-noboribetsu-jigokudani-01.jpg,images/japan/hokkaido,index.html#onsen,登別温泉・地獄谷の湯けむりと冬の風景,温泉グリッドカード用
gunma,草津湯畑（緑色源泉）,onsen-card,Unsplash,https://unsplash.com/photos/photo-1648300515534,Unknown,Unsplash License,recommended,2026-06-14,gunma-kusatsu-yunohata-01.jpg,images/japan/gunma,index.html#onsen,草津温泉・湯畑の緑色源泉,温泉グリッドカード用
kanagawa,箱根湯本温泉街（桜・橋）,onsen-card,Wikimedia Commons,https://commons.wikimedia.org/wiki/File:Hakone_yumoto_onsen_2.jpg,Quercus acuta,CC BY-SA 4.0,required,2026-06-14,kanagawa-hakone-yumoto-01.jpg,images/japan/kanagawa,index.html#onsen,箱根湯本温泉街・桜と橋と旅館,温泉グリッドカード用。旧ashinoko写真より温泉街感あり。帰属: Quercus acuta / CC BY-SA 4.0
shizuoka,熱海温泉・街並み俯瞰（初島・旅館群）,onsen-card,Wikimedia Commons,https://commons.wikimedia.org/wiki/File:230127_Atami_Onsen_Shizuoka_pref_Japan01s3.jpg,663highland,CC BY-SA 4.0,required,2026-06-14,shizuoka-atami-onsen-01.jpg,images/japan/shizuoka,index.html#onsen,熱海温泉の海沿い街並みと初島,温泉グリッドカード用。旧港駐車場写真から差替。帰属: 663highland / CC BY-SA 4.0
hyogo,有馬温泉・金泉川沿い施設,onsen-card,Wikimedia Commons,https://commons.wikimedia.org/wiki/File:Arima_Onsen_River_2013.jpg,Wpcpey,CC BY-SA 4.0,required,2026-06-14,hyogo-arima-kinsenkawa-01.jpg,images/japan/hyogo,index.html#onsen,有馬温泉の川沿い金泉（茶褐色源泉）施設と旅館,温泉グリッドカード用。絵文字から実写に変更。帰属: Wpcpey / CC BY-SA 4.0
hyogo,城崎温泉・柳並木の温泉街,onsen-card,Unsplash,https://unsplash.com/photos/photo-1768593396716,Unknown,Unsplash License,recommended,2026-06-14,hyogo-kinosaki-01.jpg,images/japan/hyogo,index.html#onsen,城崎温泉の柳並木と川沿い温泉旅館,温泉グリッドカード用
wakayama,白浜・白良浜の白砂,onsen-card,Pexels,https://www.pexels.com/,Unknown,Pexels License,recommended,2026-06-14,wakayama-shirahama-beach-01.jpg,images/japan/wakayama,index.html#onsen,白浜温泉・白良浜の白砂ビーチ,温泉グリッドカード用
ehime,道後温泉本館外観,onsen-card,Unsplash,https://unsplash.com/photos/photo-1759271885778,Unknown,Unsplash License,recommended,2026-06-14,ehime-dogo-honkan-01.jpg,images/japan/ehime,index.html#onsen,道後温泉本館の歴史的建物外観,温泉グリッドカード用
kanagawa,箱根芦ノ湖・富士山・鳥居（旧）,onsen-card-old,Unsplash,https://unsplash.com/photos/photo-1733413215296,Unknown,Unsplash License,replaced,2026-06-14,kanagawa-hakone-ashinoko-01.jpg,images/japan/kanagawa,index.html#onsen,芦ノ湖と富士山と鳥居,箱根湯本温泉街写真に差替のため未使用（ファイルは残存）
shizuoka,熱海港周辺（旧）,onsen-card-old,Unsplash,https://unsplash.com/photos/photo-1687275946569,Unknown,Unsplash License,replaced,2026-06-14,shizuoka-atami-01.jpg,images/japan/shizuoka,index.html#onsen,熱海の港周辺と道路,温泉感なく差替。Wikimedia写真に変更（ファイルは残存）
gifu,白川郷・合掌造り集落（差替）,hero+slider,Wikimedia Commons,https://commons.wikimedia.org/wiki/File:%E7%99%BD%E5%B7%9D%E5%90%88%E6%8E%8C%E6%9D%91_Shirakawa-go_Gassho-zukuri_Farmhouses_-_panoramio.jpg,Unknown,CC BY 3.0,required,2026-06-14,gifu-shirakawago-01.jpg,images/japan/gifu,index.html#hero-slider,白川郷の合掌造り農家と緑の山々,旧ファイルがベトナム・ゴールデンブリッジだったため差替。帰属必須
ishikawa,金沢・兼六園（差替）,hero+slider,Wikimedia Commons,https://commons.wikimedia.org/wiki/File:Kanazawa,_Kenroku-en_gardens.jpg,sergejf,CC BY 2.0,required,2026-06-14,ishikawa-kanazawa-01.jpg,images/japan/ishikawa,index.html#hero-slider,金沢・兼六園の石灯籠と池・紅葉,旧ファイルが東京渋谷109だったため差替。帰属必須
tochigi,日光東照宮（差替）,hero+slider,Wikimedia Commons,https://commons.wikimedia.org/wiki/File:Nikko_toshogu_shrine.jpg,Koichi Sato,CC BY-SA 4.0,required,2026-06-14,tochigi-nikko-01.jpg,images/japan/tochigi,index.html#hero-slider,日光東照宮の石鳥居と社殿・参拝者,旧ファイルが富士山写真だったため差替。帰属必須
kumamoto,阿蘇山・活火口（差替）,hero+slider,Wikimedia Commons,https://commons.wikimedia.org/wiki/File:Mt._Aso,_Kumamoto.jpg,Owlsmcgee,CC BY-SA 4.0,required,2026-06-14,kumamoto-aso-02.jpg,images/japan/kumamoto,index.html#hero-slider,阿蘇山の活火口と噴煙・緑のカルデラ,旧ファイルが錠剤の写真だったため差替。帰属必須
miyagi,松島湾の松島（実物写真）,pref-hero+gallery,Unsplash,https://unsplash.com/photos/1699638626802,Chuck Eugene,Unsplash License,recommended,2026-06-15,miyagi-matsushima-03.jpg,images/japan/miyagi,pages/prefectures.html+pages/onsen.html,松島湾の松島（宮城・実物）,秋保温泉カード・都道府県ヒーロー画像として使用
miyagi,松島の海景色,pref-gallery,Unsplash,https://unsplash.com/photos/1699638802586,Chuck Eugene,Unsplash License,recommended,2026-06-15,miyagi-matsushima-04.jpg,images/japan/miyagi,js/app.js#PREF_GALLERY_IMGS,松島の海景色（宮城・実物）,都道府県ギャラリー画像として使用
kyoto,懐石料理,gourmet,Unsplash,https://unsplash.com/photos/1766582931800,Unknown,Unsplash License,recommended,2026-06-15,kyoto-kaiseki-01.jpg,images/japan/kyoto,pages/specialties.html,懐石料理のコース,グルメカード用
kyoto,湯豆腐（京都撮影）,gourmet,Unsplash,https://unsplash.com/photos/1758293121435,Unknown,Unsplash License,recommended,2026-06-15,kyoto-yudofu-01.jpg,images/japan/kyoto,pages/specialties.html,湯豆腐（京都で撮影）,グルメカード用
aichi,うなぎ料理,gourmet,Unsplash,https://unsplash.com/photos/1740895362852,Unknown,Unsplash License,recommended,2026-06-15,aichi-unagi-01.jpg,images/japan/aichi,pages/specialties.html,おまかせ料理・うなぎ系,名古屋ひつまぶしカード用
akita,鍋用野菜,gourmet,Unsplash,https://unsplash.com/photos/1614104030967,Unknown,Unsplash License,recommended,2026-06-15,akita-nabe-01.jpg,images/japan/akita,pages/specialties.html,鍋用野菜の盛り付け,きりたんぽ鍋・芋煮カード用（山形でも流用）
gunma,だんご・もち,gourmet,Unsplash,https://unsplash.com/photos/1759928255044,Unknown,Unsplash License,recommended,2026-06-15,gunma-mochi-01.jpg,images/japan/gunma,pages/specialties.html,だんごともち,草津温泉の湯もみ餅カード用
gifu,雪の露天風呂,onsen,Unsplash,https://unsplash.com/photos/1761929586535,Unknown,Unsplash License,recommended,2026-06-15,gifu-onsen-01.jpg,images/japan/gifu,pages/onsen.html,雪の露天風呂（定山渓・北海道風景）,下呂温泉カード用
nagano,スノーモンキー（地獄谷野猿公苑）,pref-gallery+onsen,Unsplash,https://unsplash.com/photos/1739803552449,Unknown,Unsplash License,recommended,2026-06-15,nagano-jigokudani-01.jpg,images/japan/nagano,pages/onsen.html+js/app.js,地獄谷野猿公苑のスノーモンキー（長野・実物）,湯田中渋温泉郷カード・都道府県ギャラリー用
tochigi,雪の露天風呂（鬼怒川温泉用）,onsen,Unsplash,https://unsplash.com/photos/1761929586535,Unknown,Unsplash License,recommended,2026-06-15,tochigi-kinugawa-01.jpg,images/japan/tochigi,pages/onsen.html,雪の露天風呂（gifu-onsen-01のコピー）,鬼怒川温泉カード用
nara,奈良公園の鹿（実物）,pref-gallery,Unsplash,https://unsplash.com/photos/1547153760-18fc86324498,Unknown,Unsplash License,recommended,2026-06-16,nara-deer-02.jpg,images/japan/nara,js/app.js#PREF_GALLERY_IMGS,奈良公園の鹿（実物・奈良で撮影）,都道府県ギャラリー用（nara-deer-01はNG）
